protocol,quality,avg_total_time_ms,success_count,total_queries,success_rate_%
Do53,Bottom50,975.7015653278517,46,50,92.0
Do53,Extra,1073.114514350891,2,2,100.0
Do53,Top50,753.9914464950562,50,50,100.0
DoH,Bottom50,1343.934564590454,50,50,100.0
DoH,Extra,1173.2978820800781,2,2,100.0
DoH,Top50,926.0840368270874,50,50,100.0
DoT,Bottom50,1164.0951049571136,49,49,100.0
DoT,Top50,843.089804649353,50,50,100.0
